id,first_name,last_name,gender,favorite_color_hex,age,genre_1,genre_2,genre_3
1,Inglebert,McKerton,Male,#6d2c6f,16,still-life,animal-painting,landscape
2,Spike,Hanhardt,Male,#d49fd1,53,landscape,abstract,cityscape
3,Muhammad,Hasely,Male,#f6de77,60,nude-painting-nu,mythological-painting,portrait
4,Kaleb,Verring,Male,#db2552,50,abstract,mythological-painting,still-life
5,Donovan,Dethloff,Genderqueer,#d14bad,38,landscape,mythological-painting,mythological-painting
6,Richy,Kesteven,Male,#924d95,36,cityscape,landscape,religious-painting
7,Cammi,Tethacot,Female,#d2db2c,21,marina,religious-painting,religious-painting
8,Clarinda,Winsome,Female,#c1ff61,47,abstract,figurative,portrait
9,Koenraad,Andreu,Male,#133d4d,60,cityscape,nude-painting-nu,still-life
10,Moshe,Marxsen,Male,#e3ba32,40,animal-painting,mythological-painting,still-life
11,Dionne,Stave,Female,#985a52,20,religious-painting,figurative,flower-painting genre-painting
12,Tamarra,Canavan,Female,#8dacf2,42,animal-painting,religious-painting,landscape
13,Randall,Dedney,Male,#0327b9,35,figurative,marina,portrait
14,Garry,McMichell,Male,#b8fa8f,46,figurative,abstract,abstract
15,Morgana,McGeffen,Female,#6654b7,16,marina,mythological-painting,symbolic-painting
16,Haven,Nisius,Male,#c98dc4,39,figurative,nude-painting-nu,still-life
17,Marion,Lishman,Agender,#50c537,40,symbolic-painting,marina,still-life
18,Sansone,Eastby,Male,#7ff598,44,symbolic-painting,portrait,landscape
19,Kerby,Pitford,Male,#6de897,33,nude-painting-nu,landscape,marina
20,Leanor,Dommett,Bigender,#34d318,30,nude-painting-nu,religious-painting,mythological-painting
21,Heath,Stobbie,Male,#98186b,47,symbolic-painting,portrait,landscape
22,Nollie,Lakenton,Female,#e0f17f,17,symbolic-painting,portrait,figurative
23,Sheridan,Kenyam,Male,#b8c5a3,57,mythological-painting,marina,cityscape
24,Edik,Fomichkin,Male,#55fe42,18,religious-painting,still-life,cityscape
25,Ripley,Thairs,Male,#47f402,31,mythological-painting,religious-painting,abstract
26,Felipe,Vakhonin,Male,#e69756,39,still-life,nude-painting-nu,religious-painting
27,Dianna,Elvy,Female,#f3c751,20,abstract,still-life,animal-painting
28,Obed,Thomlinson,Male,#1219fb,57,animal-painting,symbolic-painting,symbolic-painting
29,Abbott,De Bruin,Male,#d54172,58,mythological-painting,landscape,nude-painting-nu
30,Land,Twidell,Male,#97d804,58,mythological-painting,portrait,abstract
31,Dania,Jacklings,Female,#0345cf,32,nude-painting-nu,religious-painting,symbolic-painting
32,Merline,Melarkey,Female,#5bcb94,45,mythological-painting,marina,nude-painting-nu
33,Cayla,Devorill,Female,#1663a5,19,still-life,religious-painting,abstract
34,Woodman,Vaughan,Male,#ebf6e1,20,flower-painting genre-painting,marina,symbolic-painting
35,Angelico,Thornthwaite,Male,#6c120e,23,cityscape,marina,figurative
36,Trudie,Whimp,Female,#4caaf3,34,symbolic-painting,figurative,marina
37,Cornelius,Simkins,Male,#8151b7,23,still-life,cityscape,symbolic-painting
38,Skylar,Hanny,Male,#86f4d6,51,animal-painting,figurative,symbolic-painting
39,Haslett,Klagge,Genderqueer,#49d2ca,41,marina,nude-painting-nu,still-life
40,Konstance,Yankishin,Female,#fa50b9,28,animal-painting,religious-painting,religious-painting
41,Vinnie,Luetkemeyer,Genderfluid,#7d0c33,35,mythological-painting,portrait,religious-painting
42,Braden,Carreck,Genderfluid,#888d67,19,religious-painting,marina,landscape
43,Chester,Duester,Male,#97e3a4,25,landscape,cityscape,symbolic-painting
44,Kittie,Farran,Female,#47bb0f,38,symbolic-painting,figurative,portrait
45,Letizia,Haliburton,Agender,#5a2c9e,38,flower-painting genre-painting,animal-painting,cityscape
46,Niccolo,Djurkovic,Male,#e77c8e,36,animal-painting,religious-painting,landscape
47,Renaud,Kinnach,Male,#5b0efa,58,cityscape,still-life,marina
48,Sonia,Menendes,Female,#fec980,49,landscape,symbolic-painting,abstract
49,Dodie,Devonish,Female,#bd5f5d,42,animal-painting,cityscape,nude-painting-nu
50,Phip,Kunes,Male,#50d480,42,abstract,marina,portrait
51,Francois,Ferrieres,Male,#4f8d77,46,abstract,abstract,animal-painting
52,Adrea,Choke,Female,#00909c,22,still-life,abstract,symbolic-painting
53,Tedd,Gornall,Male,#3323b1,60,religious-painting,figurative,marina
54,Humfrey,Wann,Male,#66011f,38,nude-painting-nu,mythological-painting,portrait
55,Filmer,Neate,Male,#646dcc,16,marina,landscape,flower-painting genre-painting
56,Shelagh,Logesdale,Female,#7be03b,41,portrait,marina,landscape
57,Llewellyn,Gillham,Male,#af9b6e,43,religious-painting,mythological-painting,figurative
58,Kelbee,Woolveridge,Polygender,#1a5eec,31,still-life,flower-painting genre-painting,abstract
59,Pernell,Elliston,Male,#73dc21,54,figurative,mythological-painting,still-life
60,Marlow,Biggans,Male,#c906f2,59,still-life,animal-painting,still-life
61,Holly,Rooze,Bigender,#b3c92e,34,cityscape,portrait,figurative
62,Even,Durand,Male,#067224,25,marina,religious-painting,religious-painting
63,Allyce,Philipp,Genderqueer,#c2aeba,39,symbolic-painting,marina,symbolic-painting
64,Tabina,Wortman,Female,#ab50e9,24,religious-painting,portrait,figurative
65,Bern,Jonin,Male,#2ada60,47,landscape,figurative,marina
66,Angelia,Shurlock,Female,#104961,52,landscape,portrait,religious-painting
67,Illa,Rodden,Female,#4f44d1,58,religious-painting,landscape,still-life
68,Evered,Toulson,Polygender,#0e9b50,58,marina,portrait,flower-painting genre-painting
69,Latia,Farncomb,Female,#26da8b,32,animal-painting,animal-painting,landscape
70,Tan,Leverentz,Male,#0bf1c0,19,abstract,religious-painting,nude-painting-nu
71,Bendick,Cordingley,Male,#2ece6a,22,landscape,animal-painting,marina
72,Rolph,Guyver,Male,#cc28aa,57,symbolic-painting,mythological-painting,flower-painting genre-painting
73,Leese,Bowdler,Female,#5a259c,39,still-life,abstract,abstract
74,Rey,Neggrini,Male,#44c12d,21,figurative,cityscape,flower-painting genre-painting
75,Eada,Banaszewski,Female,#bc6922,45,landscape,still-life,animal-painting
76,Thatch,Beckinsall,Polygender,#735559,60,religious-painting,cityscape,symbolic-painting
77,Far,Jakoubek,Male,#ac84b0,27,marina,cityscape,animal-painting
78,Karin,Skettles,Female,#9a833c,21,symbolic-painting,mythological-painting,portrait
79,Tomlin,Whittock,Male,#df8fda,46,nude-painting-nu,landscape,abstract
80,Willette,Bowcher,Female,#9db221,41,still-life,flower-painting genre-painting,abstract
81,Natalie,Still,Female,#fb306c,39,nude-painting-nu,abstract,cityscape
82,Fidole,Wearn,Male,#395221,30,marina,cityscape,still-life
83,Gherardo,Shory,Male,#358616,45,symbolic-painting,abstract,nude-painting-nu
84,Vickie,Raymen,Female,#ff7053,24,mythological-painting,abstract,figurative
85,Rona,Banthorpe,Female,#7f7ede,37,portrait,mythological-painting,landscape
86,Melany,Padillo,Female,#10504b,52,cityscape,symbolic-painting,still-life
87,Galven,Hobson,Male,#53dd8a,32,religious-painting,portrait,abstract
88,Jack,Blakebrough,Genderfluid,#0b723f,25,flower-painting genre-painting,nude-painting-nu,symbolic-painting
89,Carolin,Bett,Female,#6ab7cf,39,animal-painting,cityscape,marina
90,Codi,Livingstone,Male,#21aca7,46,landscape,flower-painting genre-painting,still-life
91,Brooks,Chippin,Female,#ea5709,35,marina,landscape,still-life
92,Otes,Ashman,Polygender,#ba7115,19,portrait,portrait,animal-painting
93,Agneta,Cratere,Female,#c03445,27,still-life,symbolic-painting,abstract
94,Julianne,Maffetti,Female,#1f7176,23,animal-painting,nude-painting-nu,figurative
95,Marijo,Breslauer,Female,#ede772,49,abstract,figurative,abstract
96,Lucita,Harty,Female,#ed994d,32,marina,flower-painting genre-painting,symbolic-painting
97,Jesselyn,Blench,Female,#3d5bb2,54,figurative,still-life,flower-painting genre-painting
98,Shirley,Bayman,Female,#d8474f,29,portrait,marina,figurative
99,Elwira,Ortelt,Female,#120713,54,symbolic-painting,abstract,flower-painting genre-painting
100,Frederico,MacPharlain,Male,#f95ff2,29,cityscape,flower-painting genre-painting,animal-painting
101,Micheal,Ummfrey,Agender,#2470dc,54,still-life,animal-painting,cityscape
102,Aldrich,Carradice,Male,#ad102b,50,symbolic-painting,animal-painting,landscape
103,Maximilian,Gallop,Male,#0380c7,55,still-life,nude-painting-nu,marina
104,Star,Burditt,Female,#deea64,48,figurative,figurative,figurative
105,Alfi,McCreery,Female,#5ee48d,45,landscape,portrait,cityscape
106,Newton,Faichnie,Polygender,#5ccb58,40,animal-painting,mythological-painting,landscape
107,Mal,Elsmore,Male,#fca388,28,landscape,flower-painting genre-painting,cityscape
108,Dannye,Besantie,Female,#5d36da,36,abstract,still-life,animal-painting
109,Tabb,Riveles,Male,#38b80c,21,abstract,animal-painting,figurative
110,Dav,Daft,Male,#4b6ac0,24,still-life,mythological-painting,nude-painting-nu
111,Jaquelin,Shephard,Female,#c1cca9,51,religious-painting,portrait,mythological-painting
112,Kerrill,Grahamslaw,Female,#3338fd,58,symbolic-painting,figurative,flower-painting genre-painting
113,Adena,Bachanski,Female,#55c0ea,41,marina,nude-painting-nu,still-life
114,Cal,Balsdone,Male,#4f270c,57,religious-painting,flower-painting genre-painting,religious-painting
115,Ewen,Siss,Genderqueer,#4c8af6,48,mythological-painting,flower-painting genre-painting,symbolic-painting
116,Anett,Moden,Female,#c39a7c,24,symbolic-painting,symbolic-painting,abstract
117,Tarra,Petasch,Female,#e2d1ad,44,figurative,symbolic-painting,cityscape
118,Lauraine,Ohlsen,Genderfluid,#c801b7,50,nude-painting-nu,animal-painting,marina
119,Price,Batecok,Male,#678d91,25,still-life,mythological-painting,nude-painting-nu
120,Clint,Handke,Male,#33893a,23,landscape,cityscape,abstract
121,Anne,Durie,Female,#485bba,18,religious-painting,portrait,animal-painting
122,Chadd,Duguid,Male,#4a3b08,21,portrait,symbolic-painting,figurative
123,Nerissa,Sanney,Female,#7b97a5,52,landscape,flower-painting genre-painting,figurative
124,Ferris,Budgett,Non-binary,#ed9789,32,flower-painting genre-painting,portrait,still-life
125,Ernestus,O'Breen,Male,#5f4e23,24,mythological-painting,flower-painting genre-painting,figurative
126,Layne,Apple,Female,#3498f3,24,figurative,religious-painting,marina
127,Jaymee,Legier,Non-binary,#49ec65,33,portrait,portrait,nude-painting-nu
128,Brianne,Dedam,Female,#065f44,54,symbolic-painting,flower-painting genre-painting,nude-painting-nu
129,Ana,Giacomuzzi,Female,#8a2ec2,28,cityscape,cityscape,landscape
130,Roseann,Willeson,Female,#6ad224,36,symbolic-painting,portrait,figurative
131,Korie,Boggish,Female,#7c255a,16,animal-painting,landscape,landscape
132,Padriac,Spadoni,Male,#c445f3,32,marina,animal-painting,mythological-painting
133,Celestina,Paszek,Genderfluid,#26ff53,31,landscape,mythological-painting,cityscape
134,Meade,Rains,Male,#d33ab9,47,marina,symbolic-painting,figurative
135,Etienne,Kilbey,Male,#1b7f69,31,abstract,landscape,flower-painting genre-painting
136,Nyssa,Sallenger,Female,#fbd964,43,cityscape,still-life,marina
137,Salaidh,Antonnikov,Female,#651052,35,figurative,nude-painting-nu,abstract
138,Amii,Saph,Female,#3a2033,48,mythological-painting,animal-painting,figurative
139,Ebenezer,Pien,Male,#3e98e5,57,animal-painting,animal-painting,figurative
140,Thorstein,Beaze,Male,#77287c,23,still-life,nude-painting-nu,still-life
141,Opaline,Petera,Female,#f1a52a,45,symbolic-painting,mythological-painting,symbolic-painting
142,Evangelina,Corday,Female,#92b02b,40,abstract,religious-painting,abstract
143,Leisha,Iacabucci,Female,#431c1e,45,symbolic-painting,marina,animal-painting
144,Sutherlan,Love,Male,#cea2b3,48,animal-painting,abstract,religious-painting
145,Lyon,Farmery,Male,#61acfa,58,landscape,landscape,still-life
146,Bordy,Pyzer,Male,#64fca3,40,nude-painting-nu,landscape,abstract
147,Savina,Lomaz,Female,#56300e,47,flower-painting genre-painting,symbolic-painting,flower-painting genre-painting
148,Piotr,Smithen,Male,#379b53,49,symbolic-painting,abstract,abstract
149,Barnabas,Panchen,Male,#b0bb4b,16,still-life,landscape,figurative
150,Nerta,Seyers,Non-binary,#4f3a4c,32,religious-painting,still-life,animal-painting
151,Cris,Dantesia,Female,#539a34,29,cityscape,cityscape,mythological-painting
152,Urbanus,Heiss,Male,#ae2407,60,flower-painting genre-painting,still-life,abstract
153,Marcos,Neiland,Male,#02f2a9,59,landscape,abstract,flower-painting genre-painting
154,Gates,Green,Female,#9e4c63,51,figurative,animal-painting,nude-painting-nu
155,Anallese,Benbrick,Female,#0a28fe,26,nude-painting-nu,mythological-painting,symbolic-painting
156,Shena,Fance,Bigender,#848f93,51,landscape,still-life,landscape
157,Loydie,Fessier,Male,#b90aa6,27,still-life,nude-painting-nu,nude-painting-nu
158,Yardley,Dolan,Genderqueer,#f1be80,53,nude-painting-nu,animal-painting,flower-painting genre-painting
159,Thomas,Youles,Male,#1bafe3,47,symbolic-painting,portrait,landscape
160,Kaile,Jarman,Female,#9acf80,37,religious-painting,cityscape,abstract
161,Val,Gauvain,Non-binary,#be9b41,42,flower-painting genre-painting,flower-painting genre-painting,landscape
162,Lorens,Littledyke,Male,#b36b24,36,flower-painting genre-painting,flower-painting genre-painting,marina
163,Alfons,McFarlane,Male,#f80464,20,cityscape,landscape,flower-painting genre-painting
164,Melony,Kitchen,Female,#8fb4e1,42,nude-painting-nu,marina,still-life
165,Brandi,Pittendreigh,Female,#a39fc5,55,abstract,still-life,still-life
166,Eleanor,Lupton,Female,#e72a82,50,abstract,nude-painting-nu,symbolic-painting
167,Janella,Larkin,Female,#60fc4c,27,landscape,abstract,marina
168,Haven,Pinson,Male,#446ea3,45,mythological-painting,religious-painting,still-life
169,Whitaker,Gilson,Male,#d30c3e,35,animal-painting,nude-painting-nu,mythological-painting
170,Leonerd,Dinsmore,Male,#f56e99,28,nude-painting-nu,still-life,symbolic-painting
171,Maureene,Weighell,Female,#6fcbf6,30,animal-painting,abstract,marina
172,Elwyn,Glover,Male,#63da2b,35,still-life,animal-painting,portrait
173,Jenny,Casarini,Female,#40ba12,44,landscape,marina,figurative
174,Miguelita,Amer,Female,#32bea0,50,symbolic-painting,animal-painting,flower-painting genre-painting
175,Kelly,Davidde,Male,#a7b08e,16,marina,portrait,flower-painting genre-painting
176,Ninetta,Roscamp,Female,#37897c,58,marina,portrait,mythological-painting
177,Nial,Helder,Male,#46883a,46,portrait,religious-painting,still-life
178,Dominick,Ivanyutin,Male,#d1d03a,23,marina,animal-painting,symbolic-painting
179,Reggis,Dorricott,Male,#84c2f2,49,animal-painting,flower-painting genre-painting,flower-painting genre-painting
180,Maxy,Shama,Female,#14580e,29,nude-painting-nu,landscape,religious-painting
181,Monti,Tirte,Male,#0c15fc,48,flower-painting genre-painting,landscape,religious-painting
182,Cynthia,Sirmon,Female,#e6587f,60,religious-painting,abstract,mythological-painting
183,Riley,Allsebrook,Male,#a5be79,33,cityscape,mythological-painting,flower-painting genre-painting
184,Heida,Ornelas,Female,#e24ac3,20,nude-painting-nu,mythological-painting,animal-painting
185,Zach,Housen,Male,#071e22,28,animal-painting,portrait,animal-painting
186,Corene,Commins,Female,#de8511,32,flower-painting genre-painting,marina,still-life
187,Gertrudis,Thunder,Female,#c6ff7b,31,symbolic-painting,mythological-painting,portrait
188,Lorena,Dils,Female,#74c61d,20,portrait,figurative,marina
189,Glyn,Gilhouley,Female,#f41245,29,landscape,nude-painting-nu,marina
190,Myron,Whitley,Male,#d0ff2c,52,animal-painting,nude-painting-nu,figurative
191,Alta,Ruffles,Female,#6eda69,39,landscape,flower-painting genre-painting,flower-painting genre-painting
192,Giles,Redd,Male,#08a7ba,60,symbolic-painting,cityscape,cityscape
193,Kynthia,Bulloch,Female,#3c50bd,36,symbolic-painting,abstract,flower-painting genre-painting
194,Allie,Waddie,Female,#26e5bb,35,animal-painting,landscape,marina
195,Katy,Hadaway,Bigender,#e4f788,53,portrait,nude-painting-nu,marina
196,Annmaria,Hadgraft,Female,#719cf3,58,figurative,animal-painting,animal-painting
197,Myrtice,Pierpoint,Female,#4bea66,19,animal-painting,abstract,portrait
198,Vitoria,Cullinane,Female,#99ee6f,28,still-life,marina,animal-painting
199,Lyda,Salliere,Female,#a0a7e3,57,figurative,still-life,animal-painting
200,Ashleigh,Gerring,Female,#a98a13,34,mythological-painting,portrait,marina
201,Clyde,Hamer,Male,#2134b1,56,figurative,animal-painting,portrait
202,Lisle,McAughtry,Male,#cacab2,51,religious-painting,cityscape,figurative
203,Bogart,Dedon,Male,#859700,46,figurative,abstract,marina
204,Costa,Peskin,Male,#65a51d,45,religious-painting,cityscape,symbolic-painting
205,Iggy,Cleugher,Male,#abc988,44,mythological-painting,landscape,still-life
206,Adelheid,Sheffield,Female,#fd09d9,34,flower-painting genre-painting,religious-painting,mythological-painting
207,Nicolette,Dodimead,Female,#82d842,23,nude-painting-nu,mythological-painting,symbolic-painting
208,Kally,Barthrup,Female,#b2a9bf,31,landscape,animal-painting,marina
209,Erinn,Llopis,Female,#50e9c6,29,mythological-painting,figurative,still-life
210,Molli,Filip,Female,#da8469,40,landscape,marina,mythological-painting
211,Ulberto,La Grange,Male,#6aba68,24,flower-painting genre-painting,landscape,symbolic-painting
212,Shirline,Thredder,Female,#682291,33,mythological-painting,cityscape,mythological-painting
213,Ivar,Lipprose,Male,#c1d369,38,landscape,portrait,animal-painting
214,Gerhard,Branson,Male,#ff8225,30,abstract,flower-painting genre-painting,mythological-painting
215,Irving,Fairfoot,Male,#3bab00,51,abstract,marina,portrait
216,Conway,Morphet,Male,#86f189,28,religious-painting,cityscape,abstract
217,Rosemaria,Fagg,Female,#eb7a69,37,flower-painting genre-painting,animal-painting,religious-painting
218,Brittani,Bernardelli,Female,#a02a5d,55,nude-painting-nu,landscape,still-life
219,Clarabelle,Lyptratt,Polygender,#355895,47,marina,animal-painting,religious-painting
220,Victor,Sherebrook,Male,#d0cd1f,21,nude-painting-nu,flower-painting genre-painting,religious-painting
221,Kelsi,McConnell,Non-binary,#cbee5f,35,flower-painting genre-painting,nude-painting-nu,religious-painting
222,Regina,Musson,Female,#a66da5,32,flower-painting genre-painting,religious-painting,marina
223,Frederik,Lerego,Male,#ffa4e9,31,nude-painting-nu,nude-painting-nu,mythological-painting
224,Tanney,Luther,Genderqueer,#0fc7ab,48,marina,symbolic-painting,portrait
225,Peter,Portam,Male,#7568d8,55,cityscape,still-life,figurative
226,Barron,Francesch,Male,#a5ffb0,55,symbolic-painting,landscape,mythological-painting
227,Cully,Coarser,Male,#3663c5,54,marina,symbolic-painting,cityscape
228,Jewell,Sneezem,Non-binary,#4cbd94,58,landscape,flower-painting genre-painting,portrait
229,Stanfield,Danelut,Male,#0a5bcb,18,cityscape,symbolic-painting,flower-painting genre-painting
230,Verna,Damsell,Female,#6fd716,31,mythological-painting,abstract,religious-painting
231,Lane,Last,Female,#e13c58,49,figurative,figurative,animal-painting
232,Rriocard,Odell,Male,#708d81,39,animal-painting,religious-painting,flower-painting genre-painting
233,Hilliard,Bisgrove,Male,#62bdd7,43,figurative,flower-painting genre-painting,landscape
234,Law,Vaud,Male,#fb2b8b,24,animal-painting,cityscape,still-life
235,Phyllida,Windress,Female,#8cf5cf,51,landscape,flower-painting genre-painting,abstract
236,Fulvia,Shrieve,Female,#2892ef,49,landscape,cityscape,nude-painting-nu
237,Hewitt,Kirtland,Male,#b193cd,18,religious-painting,portrait,marina
238,Melamie,Lording,Polygender,#cc8f01,18,flower-painting genre-painting,animal-painting,abstract
239,Dene,Halsall,Male,#00a30c,51,figurative,still-life,symbolic-painting
240,Saundra,Radolf,Bigender,#861dc3,53,nude-painting-nu,marina,symbolic-painting
241,Zachary,Brislen,Genderqueer,#cf2231,50,religious-painting,mythological-painting,portrait
242,Beverlee,Parminter,Female,#a77568,21,landscape,cityscape,abstract
243,Wynn,Mackriell,Male,#14563d,34,cityscape,cityscape,mythological-painting
244,Palm,Maldin,Male,#a080ef,39,flower-painting genre-painting,symbolic-painting,mythological-painting
245,Eugene,Hannigane,Male,#3592e8,50,nude-painting-nu,symbolic-painting,marina
246,Drusi,Halkyard,Female,#9b3607,19,marina,nude-painting-nu,nude-painting-nu
247,Abbey,Swindell,Male,#e979e8,44,marina,portrait,religious-painting
248,Sarge,McConachie,Male,#0ae115,59,mythological-painting,cityscape,religious-painting
249,Bary,Knok,Male,#37a343,36,landscape,abstract,figurative
250,Normand,McKim,Male,#d84e7e,25,mythological-painting,abstract,abstract
251,Kalinda,Gaddesby,Female,#ea3514,56,animal-painting,animal-painting,cityscape
252,Mario,Longrigg,Agender,#05a562,28,landscape,portrait,still-life
253,Mano,Mordey,Male,#afbc54,53,symbolic-painting,portrait,portrait
254,Deerdre,Gildea,Female,#9ecd2f,30,portrait,figurative,symbolic-painting
255,Killy,Blagbrough,Male,#0379aa,17,nude-painting-nu,abstract,flower-painting genre-painting
256,Sosanna,Deavall,Female,#8b0e46,32,flower-painting genre-painting,abstract,portrait
257,Marcile,Cod,Female,#707fb9,52,nude-painting-nu,flower-painting genre-painting,symbolic-painting
258,Antonina,Marlow,Bigender,#17f966,41,abstract,abstract,cityscape
259,Lexine,Werlock,Female,#ed2b45,38,landscape,portrait,figurative
260,Wilbur,Keady,Male,#cb46ee,40,mythological-painting,mythological-painting,nude-painting-nu
261,Ruthanne,Bywaters,Female,#8ce181,19,marina,figurative,nude-painting-nu
262,Dale,Gudd,Male,#fe5587,49,mythological-painting,flower-painting genre-painting,cityscape
263,Nerty,Gasperi,Female,#69aab8,58,nude-painting-nu,portrait,portrait
264,Gerick,Celli,Male,#2274c0,24,nude-painting-nu,marina,marina
265,Freddy,Dixcee,Male,#cbdd78,53,portrait,animal-painting,cityscape
266,Gloriana,Cafe,Female,#59acfa,24,still-life,abstract,religious-painting
267,Marc,Geffe,Male,#9e2fc4,25,mythological-painting,nude-painting-nu,animal-painting
268,Ada,Ellesworthe,Female,#ee2892,23,symbolic-painting,animal-painting,portrait
269,Jervis,Judkin,Male,#cd8f7e,40,landscape,animal-painting,nude-painting-nu
270,Latashia,Bosher,Female,#5c28cc,51,still-life,religious-painting,animal-painting
271,Milzie,Dwane,Female,#53cf25,49,animal-painting,religious-painting,mythological-painting
272,Everett,Aulton,Agender,#860f71,41,landscape,marina,cityscape
273,Marsha,Taudevin,Female,#835cff,24,landscape,portrait,abstract
274,Cleopatra,Korneluk,Female,#fb774c,23,symbolic-painting,marina,flower-painting genre-painting
275,Rozalie,Hefferan,Female,#dc8ff6,28,cityscape,still-life,marina
276,Paten,Morrilly,Male,#2ef627,19,mythological-painting,nude-painting-nu,cityscape
277,Crawford,Gommes,Male,#2063f7,47,marina,marina,landscape
278,Winna,Holleworth,Female,#cbd49c,46,nude-painting-nu,still-life,abstract
279,Penrod,Grewer,Male,#d60d54,38,cityscape,mythological-painting,religious-painting
280,Roxana,Merveille,Female,#23fb3d,21,religious-painting,mythological-painting,flower-painting genre-painting
281,Nyssa,Sneddon,Female,#04f62b,40,mythological-painting,still-life,landscape
282,Elianora,Spray,Female,#02323c,18,abstract,religious-painting,still-life
283,Mara,Fryer,Female,#5f534b,46,portrait,flower-painting genre-painting,marina
284,Emelen,Kupper,Male,#0bb5ac,29,flower-painting genre-painting,cityscape,nude-painting-nu
285,Angus,Rumsby,Bigender,#802ab9,35,landscape,portrait,animal-painting
286,Dru,Fielden,Female,#2aacbe,28,animal-painting,symbolic-painting,portrait
287,Verene,Gumly,Female,#19bd57,28,cityscape,animal-painting,mythological-painting
288,Gill,Ecles,Male,#1f2a9e,26,animal-painting,nude-painting-nu,nude-painting-nu
289,Nichole,Baradel,Male,#a659be,20,cityscape,abstract,portrait
290,Monique,Snell,Female,#7a35f2,29,nude-painting-nu,landscape,figurative
291,Sybilla,Bromehead,Female,#35c6a4,28,animal-painting,portrait,mythological-painting
292,Denny,Lafont,Female,#4bf684,59,religious-painting,religious-painting,animal-painting
293,Bethany,Rumble,Female,#979fac,56,portrait,figurative,abstract
294,Alaric,Brisker,Male,#dbab7a,22,still-life,still-life,portrait
295,Jacky,Halfpenny,Male,#b6773c,38,mythological-painting,nude-painting-nu,animal-painting
296,Gayle,Attaway,Male,#b87a3b,19,cityscape,animal-painting,symbolic-painting
297,Arline,Dunkley,Female,#09cf1c,49,portrait,symbolic-painting,symbolic-painting
298,Bertha,Angier,Female,#292bef,25,figurative,portrait,cityscape
299,Hunter,Shaddick,Male,#c35994,23,landscape,marina,symbolic-painting
300,Moishe,Bedow,Male,#ae95f3,50,figurative,portrait,flower-painting genre-painting
301,Augusto,Dobey,Male,#cab1f4,21,figurative,religious-painting,symbolic-painting
302,Natalya,Asson,Female,#416f1d,44,religious-painting,cityscape,nude-painting-nu
303,Anatola,Vockins,Female,#f88973,30,mythological-painting,cityscape,abstract
304,Bird,Cowan,Bigender,#594199,33,symbolic-painting,religious-painting,abstract
305,Brig,Allabush,Male,#16f510,30,figurative,landscape,figurative
306,Jada,Rozec,Female,#a64137,53,animal-painting,landscape,mythological-painting
307,Lucais,Sulman,Polygender,#5f5a68,44,nude-painting-nu,mythological-painting,abstract
308,Abagael,Brandle,Polygender,#c31f0c,59,still-life,figurative,symbolic-painting
309,Cullie,Steers,Male,#e22ca6,37,animal-painting,figurative,animal-painting
310,Didi,Scole,Female,#ec8244,59,abstract,landscape,cityscape
311,Cointon,Sorrel,Male,#984869,56,religious-painting,religious-painting,cityscape
312,Viole,Kift,Polygender,#d14343,54,figurative,landscape,abstract
313,Lonee,Cronchey,Female,#2d51d3,26,portrait,religious-painting,cityscape
314,Elisabeth,Don,Female,#642fa1,46,marina,flower-painting genre-painting,abstract
315,Kimmy,Plowman,Female,#1f7ff1,36,animal-painting,flower-painting genre-painting,figurative
316,Cherish,Bernasek,Female,#a60c4e,50,flower-painting genre-painting,marina,still-life
317,Aloysius,Darell,Male,#544de2,32,portrait,cityscape,nude-painting-nu
318,Ginger,Haken,Male,#3a75d5,19,mythological-painting,still-life,abstract
319,Esra,Duchart,Male,#7556c7,43,marina,religious-painting,marina
320,Mil,McLenaghan,Female,#d5f927,30,abstract,cityscape,symbolic-painting
321,Sophronia,Fenemore,Female,#3c05b5,48,animal-painting,portrait,landscape
322,Obediah,Kolin,Male,#1c49c4,53,cityscape,cityscape,figurative
323,Camille,Gallimore,Genderfluid,#bfb907,48,nude-painting-nu,figurative,landscape
324,Bryana,Organ,Female,#92bc11,29,cityscape,still-life,animal-painting
325,Danit,Markwell,Female,#ac37c3,45,still-life,nude-painting-nu,nude-painting-nu
326,Felipa,Ferencz,Female,#dc5c23,46,mythological-painting,nude-painting-nu,religious-painting
327,Hagan,Nickols,Male,#02419a,44,figurative,figurative,landscape
328,Greggory,Ruppel,Male,#48c68f,46,mythological-painting,abstract,flower-painting genre-painting
329,Maire,Betke,Female,#d3aa19,31,symbolic-painting,figurative,figurative
330,Karine,MacFadden,Female,#5bad09,55,religious-painting,figurative,flower-painting genre-painting
331,Ode,Bonicelli,Male,#ecadfe,35,landscape,symbolic-painting,symbolic-painting
332,Ransom,Faughny,Genderqueer,#b7cea2,25,portrait,abstract,cityscape
333,Arnold,O'Corrane,Male,#17196c,38,cityscape,still-life,still-life
334,Gretal,Spinelli,Female,#9bd623,31,religious-painting,still-life,mythological-painting
335,Timothea,Farington,Female,#10409d,43,religious-painting,mythological-painting,marina
336,Lauren,Buckingham,Female,#516bae,34,landscape,animal-painting,portrait
337,Yolande,Ziems,Female,#e94286,60,still-life,animal-painting,still-life
338,Ev,Ducker,Male,#16b1a5,16,figurative,animal-painting,mythological-painting
339,Tadeas,Marquis,Male,#046061,23,symbolic-painting,religious-painting,mythological-painting
340,Loydie,Dufty,Male,#1c6a1e,47,religious-painting,symbolic-painting,cityscape
341,Nadeen,Rapsey,Female,#f87494,28,landscape,marina,marina
342,Armando,Agnolo,Male,#46a6ee,44,mythological-painting,landscape,cityscape
343,Cordi,Frankiss,Genderfluid,#c9c71e,26,abstract,mythological-painting,symbolic-painting
344,Keane,Abrahams,Male,#9cc1a9,20,figurative,landscape,nude-painting-nu
345,Harri,Thackray,Genderfluid,#a82332,24,portrait,mythological-painting,religious-painting
346,Hazel,Burdytt,Female,#a1d9d9,50,marina,landscape,flower-painting genre-painting
347,Gilberto,Garbett,Male,#cde9e8,19,abstract,symbolic-painting,figurative
348,Philbert,Siddaley,Male,#d40399,20,marina,landscape,still-life
349,Baillie,Parcells,Male,#0f14c8,41,figurative,landscape,mythological-painting
350,Flossie,Dunmore,Female,#691d83,25,marina,marina,marina
351,Juana,Hordell,Female,#c97a92,20,religious-painting,landscape,symbolic-painting
352,Fax,Matthews,Male,#46f978,33,symbolic-painting,marina,landscape
353,Jaquelyn,Troni,Female,#3262f2,39,abstract,landscape,animal-painting
354,Jareb,Lamar,Male,#521ffe,45,nude-painting-nu,mythological-painting,marina
355,Nikolia,Hannum,Female,#8968a6,23,religious-painting,cityscape,flower-painting genre-painting
356,Arden,Eakins,Female,#177a2e,30,symbolic-painting,abstract,cityscape
357,Jodi,Brandenburg,Male,#de0352,46,abstract,nude-painting-nu,abstract
358,Sigismundo,McQuorkell,Male,#c37308,33,portrait,portrait,cityscape
359,Kenton,Liell,Male,#bbc5a8,42,marina,mythological-painting,marina
360,Berny,McIlwraith,Female,#32c12b,35,mythological-painting,nude-painting-nu,figurative
361,Delphine,Santostefano.,Female,#e6a95d,18,mythological-painting,still-life,cityscape
362,Michal,O'Keeffe,Female,#fde298,32,landscape,still-life,cityscape
363,Jordain,Lanfear,Female,#c494e1,42,still-life,landscape,portrait
364,Cheston,Noddle,Male,#05b2ba,40,figurative,still-life,animal-painting
365,Isacco,MacMickan,Male,#a5fd3e,29,still-life,still-life,still-life
366,Elmo,Rushford,Male,#4015f7,28,nude-painting-nu,religious-painting,symbolic-painting
367,Forrester,Cartin,Male,#2ae298,33,marina,still-life,still-life
368,Elsinore,Norway,Female,#e50ab6,42,mythological-painting,symbolic-painting,symbolic-painting
369,Prudy,Sprowles,Female,#bb8e89,34,religious-painting,landscape,religious-painting
370,Frannie,Micklewicz,Male,#73dd82,41,cityscape,mythological-painting,cityscape
371,Annalise,Mellenby,Female,#4365af,18,cityscape,religious-painting,mythological-painting
372,Samara,Brimson,Female,#8dd810,59,religious-painting,mythological-painting,cityscape
373,Eduard,Mayworth,Male,#a3e50a,17,nude-painting-nu,portrait,portrait
374,Malvina,Camfield,Female,#7ff6ec,20,symbolic-painting,mythological-painting,landscape
375,Dominique,Frick,Female,#6ed8f8,24,religious-painting,nude-painting-nu,abstract
376,Kelsy,Panchen,Female,#cf8008,38,figurative,still-life,cityscape
377,Leesa,Martignoni,Female,#357d20,41,mythological-painting,nude-painting-nu,marina
378,Brina,Grinin,Female,#b7ad10,33,animal-painting,nude-painting-nu,figurative
379,Rebeca,Arkley,Agender,#4b4200,49,still-life,flower-painting genre-painting,figurative
380,Chiarra,Moxom,Female,#8295e4,54,animal-painting,marina,symbolic-painting
381,Ambros,Wyant,Male,#a16669,31,symbolic-painting,symbolic-painting,abstract
382,Dionisio,Baume,Male,#389cc0,50,flower-painting genre-painting,still-life,animal-painting
383,Sher,Applegate,Female,#a8996c,36,abstract,animal-painting,flower-painting genre-painting
384,Merilee,Fothergill,Female,#51319a,21,animal-painting,nude-painting-nu,symbolic-painting
385,Elsi,Wasson,Female,#87440d,40,symbolic-painting,abstract,portrait
386,Karen,Whisson,Female,#efcb48,53,mythological-painting,mythological-painting,abstract
387,Corabelle,Looby,Female,#c3f7e2,31,abstract,abstract,religious-painting
388,Wilbert,Kilner,Male,#20816b,40,religious-painting,mythological-painting,marina
389,Bax,Athy,Male,#7612f0,59,flower-painting genre-painting,nude-painting-nu,mythological-painting
390,Elise,Gunther,Female,#58d669,57,still-life,figurative,nude-painting-nu
391,Yule,Byrd,Agender,#2d1e08,36,still-life,animal-painting,animal-painting
392,Artemas,Elphinston,Male,#459394,45,cityscape,abstract,landscape
393,Hyacinth,Gawke,Female,#40b2e7,35,animal-painting,marina,religious-painting
394,Conway,Stillgoe,Male,#963b99,35,still-life,nude-painting-nu,nude-painting-nu
395,Zita,Shortland,Female,#863f8a,37,nude-painting-nu,still-life,cityscape
396,Renate,Neumann,Female,#90624f,26,flower-painting genre-painting,religious-painting,marina
397,Wally,Weedall,Female,#9b97d9,46,landscape,figurative,marina
398,Constancy,Durnill,Female,#358d12,31,still-life,portrait,marina
399,Lydon,Habbema,Male,#acba50,53,portrait,nude-painting-nu,abstract
400,Berrie,Barhams,Female,#698dcc,53,religious-painting,marina,nude-painting-nu
401,Keith,Blessed,Male,#ad521d,38,cityscape,portrait,marina
402,Neal,Marte,Male,#3b900f,57,flower-painting genre-painting,symbolic-painting,symbolic-painting
403,Winthrop,Semper,Male,#2f334c,35,portrait,still-life,animal-painting
404,Aimee,Rome,Female,#5845d5,57,marina,animal-painting,marina
405,Pablo,Deport,Male,#a15545,22,animal-painting,mythological-painting,cityscape
406,Lucho,O'Hollegan,Male,#ed6036,45,symbolic-painting,nude-painting-nu,cityscape
407,Noel,Comar,Male,#d2f5b5,40,nude-painting-nu,landscape,still-life
408,Savina,Carsey,Female,#904fa0,52,figurative,mythological-painting,religious-painting
409,Bentlee,Matthesius,Non-binary,#68da04,33,animal-painting,landscape,still-life
410,Fowler,Lyndon,Male,#6164ce,48,animal-painting,mythological-painting,flower-painting genre-painting
411,Alexandra,Tolcher,Female,#81fbd6,19,portrait,portrait,symbolic-painting
412,Hayyim,Sutor,Male,#7405f2,48,marina,religious-painting,landscape
413,Dennie,Cumberpatch,Polygender,#308ef0,25,symbolic-painting,religious-painting,marina
414,Colleen,Nudde,Female,#468ecb,43,flower-painting genre-painting,nude-painting-nu,still-life
415,Caterina,Gainsburgh,Female,#104b9e,38,animal-painting,symbolic-painting,religious-painting
416,Alameda,Elliston,Female,#a268d3,38,animal-painting,abstract,cityscape
417,Kerwinn,Callaway,Male,#a38821,35,cityscape,landscape,nude-painting-nu
418,Teddie,Cogley,Male,#734d0f,28,still-life,symbolic-painting,landscape
419,Sybyl,Chicco,Female,#4a7c40,27,animal-painting,religious-painting,marina
420,Adham,Mellhuish,Male,#382799,47,cityscape,portrait,figurative
421,Sayre,Misken,Male,#6ee8ed,41,nude-painting-nu,cityscape,nude-painting-nu
422,Holt,Ghelardi,Male,#edb8f5,32,marina,nude-painting-nu,abstract
423,Robinia,Shropshire,Female,#c8f993,36,flower-painting genre-painting,marina,symbolic-painting
424,Michelina,Finnigan,Female,#9fa1a2,31,flower-painting genre-painting,flower-painting genre-painting,still-life
425,Maxwell,Andryushchenko,Male,#e87bcd,57,mythological-painting,cityscape,still-life
426,Chelsie,Sapsford,Female,#1eec8f,52,religious-painting,still-life,cityscape
427,Fred,Kershaw,Male,#40f9c7,19,landscape,cityscape,figurative
428,Killian,Rothery,Male,#e011e2,20,abstract,religious-painting,figurative
429,Gearard,Renvoise,Male,#113b46,33,marina,animal-painting,mythological-painting
430,Elinore,Koene,Female,#ca8a49,56,still-life,mythological-painting,animal-painting
431,Annabel,Thain,Bigender,#6cef58,54,abstract,landscape,portrait
432,Chickie,Ambrosini,Female,#b95746,34,abstract,abstract,landscape
433,Neill,De Filippi,Genderqueer,#63b45f,47,mythological-painting,flower-painting genre-painting,flower-painting genre-painting
434,Leigh,Fynan,Male,#61955d,26,animal-painting,flower-painting genre-painting,symbolic-painting
435,Hermon,Lorenz,Male,#6da780,46,flower-painting genre-painting,still-life,marina
436,Cindelyn,Getty,Female,#5fca17,50,portrait,animal-painting,animal-painting
437,Eva,Howsam,Female,#4c5490,31,animal-painting,animal-painting,still-life
438,Georgine,Danilyuk,Female,#e6e26d,51,landscape,symbolic-painting,mythological-painting
439,Peter,Bunstone,Male,#306704,19,landscape,animal-painting,mythological-painting
440,Barnabe,Cathrae,Male,#dfd7af,34,flower-painting genre-painting,flower-painting genre-painting,flower-painting genre-painting
441,Carlita,Van Rembrandt,Female,#0cd639,38,nude-painting-nu,animal-painting,cityscape
442,Bernie,Brinicombe,Female,#8d116f,22,marina,still-life,landscape
443,Griffy,Scrafton,Male,#2b3a1e,58,cityscape,still-life,still-life
444,Elfie,Mouat,Female,#acab7c,27,still-life,animal-painting,portrait
445,Querida,Decroix,Female,#255746,48,portrait,symbolic-painting,figurative
446,Raleigh,Knutton,Male,#5dde4c,28,cityscape,mythological-painting,portrait
447,Irving,Marler,Male,#0f3605,50,animal-painting,marina,marina
448,Merrill,Oxley,Female,#8334f5,43,mythological-painting,religious-painting,cityscape
449,Abbi,Livingston,Female,#a153fc,48,religious-painting,figurative,cityscape
450,Claudian,Gasperi,Male,#4107eb,32,landscape,cityscape,portrait
451,Brenda,Cawthorn,Female,#261505,47,cityscape,symbolic-painting,still-life
452,Gabe,Matysiak,Male,#aab609,55,flower-painting genre-painting,figurative,symbolic-painting
453,Evey,Herrema,Female,#4254b6,16,abstract,symbolic-painting,religious-painting
454,Reinwald,Gadman,Male,#ada201,29,mythological-painting,marina,flower-painting genre-painting
455,Derwin,Jeavon,Male,#8ab469,21,still-life,landscape,religious-painting
456,Iolanthe,Britten,Female,#b7eee4,50,flower-painting genre-painting,portrait,symbolic-painting
457,Brocky,Veljes,Male,#9929df,20,marina,nude-painting-nu,mythological-painting
458,Harlen,Albon,Male,#7c3e8e,22,portrait,mythological-painting,animal-painting
459,Dyanne,Blankenship,Female,#43d2bd,37,animal-painting,mythological-painting,cityscape
460,Opaline,Hymor,Female,#9d3469,51,portrait,cityscape,landscape
461,Catlin,Eskrigge,Female,#3dcdf7,16,landscape,landscape,nude-painting-nu
462,Goldia,Mundy,Female,#2c6897,48,animal-painting,nude-painting-nu,landscape
463,Ludovika,Sams,Female,#78a24a,43,abstract,mythological-painting,figurative
464,Gonzales,Baress,Male,#336c30,49,landscape,religious-painting,landscape
465,Krystal,McKeaney,Female,#79a8ff,59,figurative,portrait,landscape
466,Clarice,Burgot,Female,#a63894,49,marina,still-life,animal-painting
467,Bryanty,Zeplin,Male,#c98a13,56,marina,still-life,cityscape
468,Bell,Micco,Female,#3d9c19,47,flower-painting genre-painting,figurative,religious-painting
469,Clair,Bischop,Female,#b0e55e,20,portrait,mythological-painting,nude-painting-nu
470,Quintina,Dearth,Female,#1aaad4,56,symbolic-painting,figurative,symbolic-painting
471,Hendrik,Rappa,Male,#9a359e,23,portrait,cityscape,still-life
472,Oswald,Riccetti,Genderqueer,#b5f6dc,59,figurative,religious-painting,animal-painting
473,Dalston,Alekseicik,Male,#d7d6fc,35,flower-painting genre-painting,animal-painting,still-life
474,Brady,Blanket,Male,#8e3f5f,56,flower-painting genre-painting,abstract,abstract
475,Conney,Sarre,Male,#f27541,50,still-life,flower-painting genre-painting,cityscape
476,Sabina,Elmar,Non-binary,#f0ce11,25,portrait,marina,portrait
477,Winnah,Brandsma,Female,#702509,31,portrait,figurative,landscape
478,Ilsa,Pauletto,Female,#b7c841,24,figurative,animal-painting,nude-painting-nu
479,Loydie,Tarry,Male,#de13c4,19,symbolic-painting,still-life,abstract
480,Demetri,Critchard,Male,#aace1f,40,still-life,symbolic-painting,abstract
481,Hilary,Fryett,Female,#da2c31,58,figurative,still-life,animal-painting
482,Bobbette,Kelby,Female,#63dff5,58,religious-painting,still-life,flower-painting genre-painting
483,Jim,Ivannikov,Male,#48d545,49,landscape,figurative,still-life
484,Sax,Simonato,Male,#ce3532,32,nude-painting-nu,portrait,religious-painting
485,Julieta,Bryceson,Female,#013294,41,animal-painting,figurative,nude-painting-nu
486,Suzi,Backshill,Female,#6816a1,46,abstract,animal-painting,animal-painting
487,Brig,Blann,Male,#fe6fc3,60,cityscape,landscape,cityscape
488,Englebert,Janoschek,Male,#d6d255,55,mythological-painting,flower-painting genre-painting,figurative
489,Cindie,Wilcott,Female,#94c60e,42,symbolic-painting,landscape,landscape
490,Suellen,Creighton,Female,#95618f,38,figurative,symbolic-painting,abstract
491,Ansel,Kief,Male,#343621,34,animal-painting,religious-painting,religious-painting
492,Elicia,Benjamin,Female,#aaece0,60,religious-painting,flower-painting genre-painting,symbolic-painting
493,Hillard,Poxton,Male,#0e521d,31,symbolic-painting,cityscape,portrait
494,Winnie,Girsch,Male,#d9d74d,24,mythological-painting,mythological-painting,flower-painting genre-painting
495,Antony,Kevern,Male,#a67427,47,religious-painting,cityscape,portrait
496,Lorne,Cleeve,Female,#52391d,21,marina,still-life,religious-painting
497,Tanhya,Blincow,Female,#9358c4,30,figurative,landscape,landscape
498,Baillie,Longmore,Male,#e5f9d6,34,portrait,animal-painting,portrait
499,Wilie,Bonafant,Female,#018276,48,nude-painting-nu,mythological-painting,symbolic-painting
500,Pepillo,Bosnell,Male,#69f21b,49,still-life,nude-painting-nu,landscape
501,Nomi,Bakesef,Female,#766175,16,nude-painting-nu,nude-painting-nu,nude-painting-nu
502,Godard,Statham,Male,#491b87,19,cityscape,still-life,still-life
503,Garrik,Antonin,Male,#c2a350,28,mythological-painting,cityscape,figurative
504,Celestia,Blose,Female,#5b2f29,54,animal-painting,abstract,marina
505,Othello,Allebone,Male,#ddbc9b,41,flower-painting genre-painting,figurative,abstract
506,Sax,Crim,Male,#3f235a,18,symbolic-painting,figurative,flower-painting genre-painting
507,Tildi,Stitch,Female,#5c42b6,37,still-life,portrait,religious-painting
508,Barnebas,Boother,Male,#68456e,41,marina,marina,flower-painting genre-painting
509,Shurlocke,Figg,Male,#eb9510,16,figurative,abstract,nude-painting-nu
510,Ingram,Mylchreest,Male,#cf9582,32,portrait,flower-painting genre-painting,figurative
511,Rochell,Turneaux,Female,#1d5cea,19,marina,religious-painting,cityscape
512,Gradey,McNysche,Male,#a58ad8,58,abstract,flower-painting genre-painting,symbolic-painting
513,Edita,Holde,Non-binary,#6f3e79,29,still-life,landscape,marina
514,Valerye,Gubbin,Female,#691ff8,38,mythological-painting,landscape,religious-painting
515,Meggy,Stanhope,Female,#8ce69e,30,figurative,nude-painting-nu,figurative
516,Leicester,Church,Male,#544e66,26,marina,animal-painting,nude-painting-nu
517,Desiree,Morrowe,Female,#c2cc56,42,abstract,religious-painting,landscape
518,Arlie,Pashley,Female,#73e4d8,59,symbolic-painting,portrait,marina
519,Tann,Cheesley,Male,#d70e0f,24,religious-painting,abstract,figurative
520,Teodoro,Bartolijn,Male,#558570,27,abstract,symbolic-painting,mythological-painting
521,Lindon,Maddrah,Male,#009e68,55,landscape,nude-painting-nu,cityscape
522,Shaw,McTeer,Male,#893c51,38,religious-painting,marina,mythological-painting
523,Ninette,Howie,Female,#e73841,59,landscape,symbolic-painting,cityscape
524,Hieronymus,Wilkerson,Male,#d72a5f,55,abstract,animal-painting,flower-painting genre-painting
525,Travers,Chetham,Male,#233d92,46,animal-painting,figurative,marina
526,Ynes,Timmens,Female,#f4ee04,39,mythological-painting,cityscape,figurative
527,Christie,Shirley,Bigender,#4f1b99,29,mythological-painting,animal-painting,still-life
528,Cicely,Duckinfield,Female,#cb872f,31,portrait,nude-painting-nu,animal-painting
529,Hedi,Allmark,Female,#68fc48,31,flower-painting genre-painting,portrait,figurative
530,Chet,Quene,Male,#9877d4,58,portrait,mythological-painting,animal-painting
531,Melisse,McAlister,Female,#3706b9,35,symbolic-painting,mythological-painting,abstract
532,Theo,Shrubsall,Male,#be24dc,54,landscape,mythological-painting,marina
533,Aurthur,Mulkerrins,Male,#d57f67,22,landscape,figurative,portrait
534,Pren,Bonnick,Male,#f64a73,35,abstract,landscape,marina
535,Lilias,Halfpenny,Female,#4059a1,58,figurative,religious-painting,figurative
536,Winifield,Snoddin,Male,#600baa,40,still-life,mythological-painting,religious-painting
537,Kenyon,Idell,Male,#cc098e,42,landscape,abstract,figurative
538,Antoine,Skains,Male,#487cf2,49,religious-painting,abstract,cityscape
539,Babbie,Warcup,Female,#80ead0,20,nude-painting-nu,mythological-painting,cityscape
540,Verena,Soloway,Female,#48d6af,42,religious-painting,landscape,still-life
541,Elise,Barnwille,Female,#1977cb,22,mythological-painting,cityscape,landscape
542,Marshal,Chisnell,Male,#1aa455,16,cityscape,still-life,animal-painting
543,Deana,Shacklady,Female,#536c09,25,still-life,portrait,flower-painting genre-painting
544,Sydel,Kempster,Female,#52c513,35,marina,landscape,landscape
545,Thea,Kunert,Genderqueer,#14c1aa,16,marina,portrait,abstract
546,Lotti,Snoding,Female,#c6e45f,24,cityscape,marina,flower-painting genre-painting
547,Joleen,Ionn,Agender,#e8db06,56,portrait,cityscape,landscape
548,Howey,Whybray,Male,#fc2a03,59,flower-painting genre-painting,symbolic-painting,flower-painting genre-painting
549,Janella,Norwich,Female,#e282e1,52,animal-painting,still-life,marina
550,Nat,Dart,Male,#56fc23,24,symbolic-painting,marina,landscape
551,Julia,Pablo,Female,#f32658,40,marina,landscape,religious-painting
552,Baily,Duchan,Male,#273b87,33,portrait,figurative,animal-painting
553,Hedy,Yakovitch,Female,#d99c34,38,still-life,animal-painting,abstract
554,Thurston,Ambrosoni,Male,#22a47c,60,still-life,figurative,symbolic-painting
555,Barbette,Beneteau,Female,#579cb8,35,still-life,marina,still-life
556,Norbie,Gunson,Male,#f65285,46,figurative,landscape,landscape
557,Lucy,Emberton,Female,#aa9f99,32,symbolic-painting,portrait,religious-painting
558,Riva,Lowin,Female,#ddb444,22,cityscape,marina,cityscape
559,Adelind,Tudgay,Female,#3fd41b,18,flower-painting genre-painting,symbolic-painting,figurative
560,Elana,MacNish,Female,#62f269,31,marina,marina,religious-painting
561,Sauncho,Cecchi,Genderfluid,#b3d75d,45,marina,symbolic-painting,cityscape
562,Celisse,Koene,Female,#6297df,19,nude-painting-nu,portrait,cityscape
563,Starr,Lorens,Non-binary,#e4a41f,29,landscape,animal-painting,landscape
564,Ax,Manston,Male,#6e9f65,49,abstract,nude-painting-nu,nude-painting-nu
565,Wainwright,Jendrys,Male,#5f4e9c,44,figurative,landscape,portrait
566,Buiron,Cardenosa,Male,#86c66d,49,figurative,animal-painting,symbolic-painting
567,Hedwiga,O'Clery,Female,#554bca,49,abstract,animal-painting,marina
568,Horst,Dearnley,Male,#92813e,40,landscape,mythological-painting,still-life
569,Gisela,Haddrell,Non-binary,#d66db3,35,animal-painting,marina,nude-painting-nu
570,Deane,Boyington,Female,#513f93,44,abstract,animal-painting,animal-painting
571,Cornelle,Bulcroft,Bigender,#82d83c,37,figurative,mythological-painting,cityscape
572,Sholom,Reams,Male,#14ba75,51,nude-painting-nu,abstract,religious-painting
573,Monroe,Galiero,Male,#2fa516,54,abstract,flower-painting genre-painting,symbolic-painting
574,Cecilla,Schoolcroft,Female,#54fba3,20,symbolic-painting,flower-painting genre-painting,still-life
575,Hervey,Prozescky,Male,#a24b78,23,nude-painting-nu,still-life,symbolic-painting
576,Thayne,Novelli,Male,#eaca46,24,flower-painting genre-painting,flower-painting genre-painting,still-life
577,Bobbi,Fawks,Female,#f56c6d,54,still-life,cityscape,nude-painting-nu
578,Normand,Grunwall,Male,#5fe507,40,religious-painting,still-life,portrait
579,Jacintha,Sylvester,Female,#8116a8,57,nude-painting-nu,still-life,landscape
580,Melody,Malloch,Female,#0bea00,16,animal-painting,flower-painting genre-painting,mythological-painting
581,Brose,Billett,Male,#6d3098,38,flower-painting genre-painting,religious-painting,animal-painting
582,Constantin,Kuschel,Male,#895083,21,nude-painting-nu,landscape,abstract
583,Greg,Vasyuchov,Male,#9a413d,60,marina,figurative,marina
584,Percy,Colicot,Male,#662f63,35,cityscape,abstract,marina
585,Jacintha,Ambrogiotti,Female,#84bae9,29,cityscape,abstract,figurative
586,Joycelin,McAusland,Female,#5a03bd,24,religious-painting,marina,portrait
587,Vernon,Bento,Male,#aca108,16,portrait,portrait,portrait
588,Carry,Yosevitz,Female,#a58a7f,53,figurative,flower-painting genre-painting,nude-painting-nu
589,Ingrid,Stubbington,Female,#ba8aa3,35,figurative,mythological-painting,figurative
590,Alexei,Dawdry,Male,#96d603,37,figurative,animal-painting,mythological-painting
591,Marten,Birdfield,Male,#dcb296,38,marina,symbolic-painting,religious-painting
592,Tremaine,Gorwood,Male,#f8f943,49,landscape,mythological-painting,mythological-painting
593,Sella,Jebb,Female,#07badd,57,flower-painting genre-painting,still-life,figurative
594,Charlean,Blastock,Female,#9c45dc,49,animal-painting,cityscape,animal-painting
595,Philipa,Filyukov,Female,#af25ec,53,mythological-painting,marina,abstract
596,Gerta,Simmill,Female,#ff0ec4,43,flower-painting genre-painting,flower-painting genre-painting,animal-painting
597,Donna,Huskinson,Female,#e86a76,28,nude-painting-nu,abstract,marina
598,Monah,Medendorp,Female,#73e586,18,figurative,nude-painting-nu,cityscape
599,Spencer,Gilliard,Male,#0764a5,56,figurative,mythological-painting,animal-painting
600,Elsi,Jinkins,Female,#1d6a60,31,landscape,abstract,landscape
601,Ivie,Foulsham,Polygender,#26c2b3,30,still-life,figurative,portrait
602,Richmound,Jorat,Male,#45234f,34,still-life,animal-painting,animal-painting
603,Valeda,Scarborough,Female,#8f42dc,24,still-life,marina,portrait
604,Johnnie,Pick,Male,#cf8751,27,abstract,animal-painting,flower-painting genre-painting
605,Perren,Iacovolo,Male,#ccc264,22,figurative,portrait,symbolic-painting
606,Garnet,Garrud,Female,#d77504,51,flower-painting genre-painting,abstract,mythological-painting
607,Britt,Donoghue,Male,#779114,41,abstract,landscape,marina
608,Wilbur,Achrameev,Male,#5cb0bf,37,nude-painting-nu,figurative,mythological-painting
609,Cointon,Lyons,Male,#dedc65,33,nude-painting-nu,abstract,marina
610,Ondrea,Langmuir,Polygender,#dc3418,26,marina,mythological-painting,religious-painting
611,Rasia,Kilcoyne,Female,#484137,19,abstract,nude-painting-nu,marina
612,Cloe,Draycott,Female,#7cf707,44,marina,nude-painting-nu,landscape
613,Nicko,Bellon,Male,#3d2adc,46,mythological-painting,mythological-painting,animal-painting
614,Laetitia,Foort,Female,#03278c,34,abstract,religious-painting,abstract
615,Niven,Leeder,Male,#35e0fe,23,animal-painting,abstract,mythological-painting
616,Thekla,Conring,Female,#0e1619,38,portrait,abstract,animal-painting
617,Ulric,Cosford,Male,#60be65,32,flower-painting genre-painting,nude-painting-nu,abstract
618,Seline,Boone,Agender,#20750a,45,abstract,landscape,portrait
619,Clotilda,Bellefant,Female,#8896b8,36,cityscape,abstract,still-life
620,Micah,Flatman,Male,#b53b09,28,mythological-painting,figurative,religious-painting
621,Hollis,Odams,Male,#a0e414,59,still-life,flower-painting genre-painting,nude-painting-nu
622,Hyacintha,Swaffer,Female,#fa94f1,20,still-life,mythological-painting,landscape
623,Karlik,McGinney,Male,#43e160,41,nude-painting-nu,still-life,religious-painting
624,Lowell,Whitloe,Genderqueer,#322481,29,marina,portrait,animal-painting
625,Karen,Coviello,Female,#a407f0,40,abstract,nude-painting-nu,cityscape
626,Lou,Smiz,Male,#e54f7b,57,landscape,flower-painting genre-painting,nude-painting-nu
627,Dottie,Cuffin,Female,#3c0a6f,43,nude-painting-nu,mythological-painting,abstract
628,Gelya,Verchambre,Female,#17a130,58,still-life,cityscape,still-life
629,Brandtr,Creak,Male,#2f1d32,27,cityscape,still-life,cityscape
630,Oralie,Harrowell,Female,#c3279c,56,flower-painting genre-painting,cityscape,landscape
631,Darrel,Ivanyukov,Male,#91db15,54,abstract,animal-painting,flower-painting genre-painting
632,Irina,Edson,Agender,#b26adb,18,marina,nude-painting-nu,abstract
633,Flora,Trewman,Agender,#d48d6a,55,mythological-painting,religious-painting,marina
634,Newton,Simonard,Male,#484bfe,22,abstract,portrait,cityscape
635,Nora,Becken,Genderqueer,#6ba488,41,nude-painting-nu,portrait,still-life
636,Baxy,Warwicker,Agender,#21a00a,60,animal-painting,symbolic-painting,symbolic-painting
637,Donni,Ennew,Female,#a1b5a2,31,flower-painting genre-painting,cityscape,symbolic-painting
638,Marne,Simionescu,Agender,#d38fb4,40,figurative,flower-painting genre-painting,animal-painting
639,Paula,Turnor,Female,#d87f79,47,figurative,religious-painting,religious-painting
640,Carl,Perott,Male,#2e13ea,44,abstract,symbolic-painting,abstract
641,Dulcy,Outram,Female,#d92e20,17,abstract,marina,portrait
642,Josias,Gockelen,Male,#1ab8d1,46,animal-painting,flower-painting genre-painting,mythological-painting
643,Robbin,Merryman,Female,#b3f0db,26,cityscape,mythological-painting,flower-painting genre-painting
644,Cliff,Welds,Male,#7ac71a,57,symbolic-painting,mythological-painting,flower-painting genre-painting
645,Nola,Linnemann,Female,#eaad48,17,portrait,nude-painting-nu,marina
646,Siobhan,Weitzel,Female,#bb0f3c,58,animal-painting,figurative,cityscape
647,Bruno,Mournian,Male,#b1bf69,57,portrait,mythological-painting,animal-painting
648,Odelle,Ayto,Female,#612674,53,religious-painting,flower-painting genre-painting,animal-painting
649,Agretha,Housden,Female,#bc3a5c,37,cityscape,animal-painting,nude-painting-nu
650,Ricardo,Warke,Male,#edad99,39,symbolic-painting,cityscape,marina
651,Edithe,Askem,Female,#5d8ef8,37,abstract,symbolic-painting,abstract
652,Dudley,Allbrook,Male,#b83a4f,48,abstract,flower-painting genre-painting,figurative
653,Clary,Blucher,Female,#7595cd,59,flower-painting genre-painting,figurative,symbolic-painting
654,Sena,Ivashinnikov,Female,#518cd6,57,flower-painting genre-painting,symbolic-painting,nude-painting-nu
655,Kym,Dumphy,Female,#530e83,47,symbolic-painting,animal-painting,figurative
656,Jeramey,Bortol,Male,#fbc240,19,figurative,religious-painting,still-life
657,Rebecka,Menguy,Female,#cb8a3e,48,marina,marina,abstract
658,Cristian,Brazer,Male,#11cce9,20,still-life,cityscape,animal-painting
659,Farly,Frankcom,Male,#777499,60,marina,landscape,figurative
660,Cobb,McCaughran,Male,#8c384f,48,landscape,mythological-painting,flower-painting genre-painting
661,Devland,Fearn,Male,#032da0,55,animal-painting,mythological-painting,symbolic-painting
662,Quincy,Rubega,Male,#8d4551,56,symbolic-painting,landscape,cityscape
663,Garland,Jeffcoate,Bigender,#a4d4ea,53,figurative,abstract,abstract
664,Adolf,Calendar,Male,#764c60,57,religious-painting,religious-painting,animal-painting
665,Trenna,Stallybrass,Female,#419d90,26,mythological-painting,flower-painting genre-painting,religious-painting
666,Carolan,Eric,Female,#2e1902,16,flower-painting genre-painting,portrait,cityscape
667,Gerard,Renbold,Male,#05f116,41,symbolic-painting,marina,portrait
668,Emery,Pawlett,Male,#74cb92,28,marina,marina,flower-painting genre-painting
669,Eal,Vaz,Male,#51acbe,27,cityscape,religious-painting,portrait
670,Joseito,Guy,Male,#ead281,59,flower-painting genre-painting,portrait,marina
671,Kalle,Scohier,Male,#6e2aae,53,animal-painting,cityscape,mythological-painting
672,Dotti,Birkwood,Female,#a7d1ec,49,nude-painting-nu,nude-painting-nu,portrait
673,Shelli,Hughman,Female,#31100a,60,mythological-painting,symbolic-painting,abstract
674,Benn,Peete,Male,#4dc416,49,flower-painting genre-painting,still-life,symbolic-painting
675,Quincey,Jozefczak,Male,#4fee4e,49,figurative,animal-painting,animal-painting
676,Opalina,Riggoll,Female,#97bf45,26,still-life,flower-painting genre-painting,figurative
677,Paulie,Rainer,Female,#a03ece,37,nude-painting-nu,figurative,figurative
678,Bill,Mebius,Female,#4a1323,58,landscape,symbolic-painting,symbolic-painting
679,Violette,Ashdown,Female,#82bc1b,58,portrait,still-life,nude-painting-nu
680,Annabal,Muspratt,Female,#94a34d,28,flower-painting genre-painting,figurative,still-life
681,Ralph,Seppey,Male,#b27ce1,21,landscape,landscape,abstract
682,Inger,Cowtherd,Male,#20c289,29,portrait,flower-painting genre-painting,symbolic-painting
683,Launce,Sreenan,Male,#324738,29,flower-painting genre-painting,nude-painting-nu,religious-painting
684,Bathsheba,Chiechio,Female,#ad3a56,49,marina,symbolic-painting,symbolic-painting
685,Carlyle,Zavattiero,Male,#9d87a4,17,nude-painting-nu,nude-painting-nu,mythological-painting
686,Cyril,Voisey,Bigender,#d12b34,39,animal-painting,mythological-painting,abstract
687,Lira,Evitt,Female,#cec0f6,56,animal-painting,nude-painting-nu,flower-painting genre-painting
688,Faber,Joslow,Male,#01795c,42,flower-painting genre-painting,abstract,flower-painting genre-painting
689,Kala,Dundin,Female,#38b3bd,45,flower-painting genre-painting,marina,flower-painting genre-painting
690,Arielle,MacTeague,Female,#0660c8,31,symbolic-painting,mythological-painting,still-life
691,Reuven,Hext,Male,#f43579,42,symbolic-painting,religious-painting,flower-painting genre-painting
692,Nikolaus,Scorrer,Male,#48fbfa,36,still-life,flower-painting genre-painting,nude-painting-nu
693,Brannon,Rolse,Male,#92ad24,16,figurative,portrait,cityscape
694,Craggie,Pymer,Male,#82e574,23,religious-painting,cityscape,abstract
695,Maryann,Fiennes,Agender,#cde6bf,31,nude-painting-nu,nude-painting-nu,figurative
696,Leonid,Levee,Male,#a6ec26,16,animal-painting,portrait,flower-painting genre-painting
697,Davidson,Riseborough,Male,#490df2,50,cityscape,flower-painting genre-painting,portrait
698,Helaina,Lardner,Female,#b33869,35,mythological-painting,landscape,mythological-painting
699,Gaven,McEvay,Male,#15b85d,56,figurative,religious-painting,still-life
700,Wald,Kebell,Non-binary,#9c4033,19,landscape,still-life,still-life
701,Magdalena,Epelett,Female,#39055b,55,mythological-painting,still-life,figurative
702,Portia,Bundy,Genderfluid,#cdc769,40,cityscape,portrait,mythological-painting
703,Horatia,MacGow,Genderqueer,#505a66,28,landscape,marina,cityscape
704,Westbrooke,Tankus,Male,#b674bf,60,figurative,marina,abstract
705,Zandra,O'Sherrin,Female,#b8eb82,24,cityscape,still-life,portrait
706,Gretchen,McKeevers,Female,#ce958c,48,religious-painting,flower-painting genre-painting,portrait
707,Hillary,Slixby,Female,#030f1a,31,cityscape,religious-painting,cityscape
708,Paolo,Dimont,Genderqueer,#1af23e,46,religious-painting,abstract,cityscape
709,Miof mela,Irdale,Female,#615697,56,marina,abstract,flower-painting genre-painting
710,Elliott,Tollow,Male,#eed400,57,portrait,nude-painting-nu,flower-painting genre-painting
711,Laurena,Morrilly,Female,#d5c644,48,abstract,religious-painting,mythological-painting
712,Lusa,Eason,Female,#23c222,57,mythological-painting,symbolic-painting,religious-painting
713,Ericka,Mawditt,Female,#e4a1f0,34,marina,portrait,abstract
714,Park,McCrone,Male,#b09dce,45,abstract,religious-painting,marina
715,Tybi,Stutt,Female,#fc7ae2,44,symbolic-painting,symbolic-painting,animal-painting
716,Raychel,Loan,Female,#cae2e6,16,landscape,animal-painting,still-life
717,Wanda,Lugden,Female,#e60108,30,portrait,mythological-painting,portrait
718,Gwennie,Brookwell,Female,#eb81e5,41,portrait,still-life,landscape
719,Modesty,Eversley,Female,#6a20d9,26,landscape,abstract,symbolic-painting
720,Victor,Chestnut,Male,#25cb40,19,abstract,still-life,animal-painting
721,Ailene,Brandes,Female,#d5f677,58,flower-painting genre-painting,symbolic-painting,landscape
722,Mayor,McDonand,Male,#18629a,18,flower-painting genre-painting,religious-painting,marina
723,Erwin,Blaydes,Male,#bde692,29,still-life,nude-painting-nu,flower-painting genre-painting
724,Murry,Kensall,Male,#c8cd08,16,marina,portrait,portrait
725,Magdaia,Wallenger,Female,#260f6a,51,cityscape,figurative,symbolic-painting
726,Tades,Boscher,Male,#25c417,60,animal-painting,symbolic-painting,landscape
727,Sissie,Kingsnoad,Female,#cf0564,44,animal-painting,abstract,portrait
728,Amalie,Cumpton,Female,#34fb1d,54,portrait,flower-painting genre-painting,figurative
729,Isabel,Ivery,Female,#47aa2e,35,figurative,landscape,symbolic-painting
730,Anson,Gravells,Male,#aa0486,53,figurative,religious-painting,marina
731,Conrad,Peirson,Male,#0f4794,16,symbolic-painting,symbolic-painting,landscape
732,Honoria,Leyson,Female,#e6015c,29,portrait,portrait,landscape
733,Elie,Eagger,Female,#dbf9ef,19,landscape,symbolic-painting,marina
734,Franklyn,Parriss,Male,#0d7927,29,animal-painting,marina,landscape
735,Devonne,Dawidowitz,Female,#ccac0f,17,nude-painting-nu,marina,figurative
736,Lorraine,Gallear,Non-binary,#47b890,21,abstract,portrait,cityscape
737,Issiah,Nyles,Male,#c1a469,28,portrait,still-life,symbolic-painting
738,Jerad,Curragh,Male,#934a43,50,religious-painting,portrait,flower-painting genre-painting
739,Leonard,Canape,Male,#d0c97c,59,still-life,nude-painting-nu,cityscape
740,Maurine,Casbourne,Female,#a85f91,38,portrait,mythological-painting,religious-painting
741,Gabbie,Faulkner,Male,#0714b8,34,religious-painting,landscape,marina
742,Hali,Pretswell,Female,#06df97,30,landscape,still-life,cityscape
743,Blondell,Paddon,Female,#77e422,20,figurative,still-life,symbolic-painting
744,Batholomew,Ferrarotti,Male,#ef62f5,58,cityscape,symbolic-painting,religious-painting
745,Leupold,Forst,Male,#4e19f2,41,portrait,cityscape,animal-painting
746,Cirstoforo,Clothier,Male,#bf8dc0,16,portrait,symbolic-painting,animal-painting
747,Penni,Indgs,Female,#88ee7e,55,marina,cityscape,cityscape
748,Merrick,Arnaez,Genderfluid,#9e1043,45,symbolic-painting,abstract,animal-painting
749,Cullen,Kenton,Male,#c08153,18,still-life,landscape,flower-painting genre-painting
750,Leupold,Errichelli,Male,#8dbf7b,22,nude-painting-nu,symbolic-painting,cityscape
751,Moishe,Jouning,Male,#7fbbcf,40,flower-painting genre-painting,marina,religious-painting
752,Lucius,Bendix,Male,#16644d,52,symbolic-painting,flower-painting genre-painting,animal-painting
753,Jephthah,Cleall,Male,#e2c328,44,portrait,figurative,figurative
754,Maritsa,Paye,Female,#856346,37,marina,religious-painting,religious-painting
755,Winnie,Wick,Female,#5cc3d6,43,religious-painting,religious-painting,figurative
756,Bob,Kilmaster,Male,#468bb1,49,mythological-painting,animal-painting,nude-painting-nu
757,Dunc,Bendig,Male,#497629,57,mythological-painting,cityscape,portrait
758,Brandon,Wilfinger,Bigender,#0a0003,22,symbolic-painting,still-life,marina
759,Thorpe,Ewles,Male,#83b479,49,figurative,abstract,abstract
760,Allix,Feragh,Female,#2f53df,46,mythological-painting,symbolic-painting,abstract
761,Cleo,Morehall,Female,#3af13a,38,cityscape,symbolic-painting,figurative
762,Johnnie,Kettley,Male,#bd7058,54,mythological-painting,figurative,symbolic-painting
763,Chrystel,Huxley,Female,#795cb5,37,animal-painting,portrait,religious-painting
764,Orrin,Shaw,Male,#4f2e96,45,mythological-painting,still-life,abstract
765,Saunderson,Scrange,Male,#1af93d,34,portrait,figurative,portrait
766,Ruby,Patemore,Female,#9b67e8,37,landscape,symbolic-painting,animal-painting
767,Bord,Vedenyapin,Male,#6d4c13,57,marina,nude-painting-nu,flower-painting genre-painting
768,Dulcine,Beniesh,Female,#550566,51,religious-painting,landscape,religious-painting
769,Silvano,Madner,Male,#5894ca,26,still-life,figurative,landscape
770,Angelle,Ascough,Female,#92bda4,19,mythological-painting,figurative,nude-painting-nu
771,Elsinore,Jerisch,Female,#f365e5,22,landscape,figurative,figurative
772,Batsheva,Frascone,Female,#42c7bc,52,abstract,cityscape,flower-painting genre-painting
773,Tamar,Leynton,Female,#4008ba,50,landscape,figurative,marina
774,Nan,Mosson,Female,#c6728e,22,flower-painting genre-painting,figurative,marina
775,Gregoire,O'Tuohy,Male,#0ab6b0,27,still-life,flower-painting genre-painting,symbolic-painting
776,Dinah,Garnul,Female,#119246,46,religious-painting,still-life,symbolic-painting
777,Zita,Scanes,Female,#9c066b,51,abstract,symbolic-painting,marina
778,Jaimie,Djurisic,Male,#6771f6,55,marina,mythological-painting,nude-painting-nu
779,Frank,Fogarty,Female,#45f22e,55,marina,animal-painting,animal-painting
780,Therine,Butchart,Female,#b88f0b,44,religious-painting,still-life,animal-painting
781,Erinn,Auden,Female,#cbd142,58,nude-painting-nu,flower-painting genre-painting,nude-painting-nu
782,Nanete,Jestico,Female,#e6910e,58,still-life,animal-painting,still-life
783,Reinold,Chasemore,Male,#e96dac,46,still-life,nude-painting-nu,flower-painting genre-painting
784,Leonhard,Kerins,Male,#6a321a,33,cityscape,marina,symbolic-painting
785,Bobbe,Arstall,Genderqueer,#48b243,54,cityscape,abstract,figurative
786,Yetta,Trigg,Female,#49f326,36,mythological-painting,cityscape,cityscape
787,Ferguson,Delaprelle,Male,#dd7c72,25,mythological-painting,flower-painting genre-painting,still-life
788,Lora,Mashro,Female,#45317b,16,cityscape,cityscape,marina
789,Reyna,Brunger,Female,#add26c,60,still-life,cityscape,mythological-painting
790,Leonora,Banghe,Female,#3d07d2,46,mythological-painting,landscape,religious-painting
791,Lonnie,Wearn,Female,#4a7ddc,39,cityscape,mythological-painting,symbolic-painting
792,Elysia,McEvoy,Female,#dcd244,33,landscape,mythological-painting,landscape
793,Jonathon,Kimblin,Male,#b23146,39,still-life,cityscape,landscape
794,Lorrie,Normabell,Male,#c77ad3,56,mythological-painting,nude-painting-nu,portrait
795,Cordie,Phythian,Female,#abed2a,60,cityscape,portrait,flower-painting genre-painting
796,Tobe,Buckler,Female,#9a6f2b,31,symbolic-painting,mythological-painting,abstract
797,Kay,Storr,Female,#09d08c,34,animal-painting,flower-painting genre-painting,flower-painting genre-painting
798,Stephani,Genny,Female,#7bdf35,49,animal-painting,symbolic-painting,nude-painting-nu
799,Jackqueline,Drewry,Non-binary,#987e73,29,figurative,animal-painting,flower-painting genre-painting
800,Filmore,MacCosty,Male,#6b244e,41,landscape,nude-painting-nu,flower-painting genre-painting
801,Claiborne,Pollitt,Male,#dac754,23,nude-painting-nu,landscape,nude-painting-nu
802,Francklyn,Meiklem,Male,#421866,30,flower-painting genre-painting,religious-painting,flower-painting genre-painting
803,Inesita,Bigmore,Female,#246057,32,nude-painting-nu,abstract,abstract
804,Matthias,Jammes,Male,#0f5211,50,mythological-painting,still-life,cityscape
805,Ax,Kennealy,Agender,#be9ae6,37,nude-painting-nu,still-life,nude-painting-nu
806,Hubert,Chellingworth,Male,#89e0b4,52,marina,flower-painting genre-painting,marina
807,Harlene,Kivlin,Female,#9612ff,20,marina,figurative,religious-painting
808,Fredrick,Zielinski,Male,#df0c31,19,landscape,symbolic-painting,portrait
809,Mira,Todarini,Genderfluid,#8a5c4d,42,abstract,landscape,abstract
810,Druci,Trunby,Female,#a9876a,23,marina,abstract,nude-painting-nu
811,Rosco,Mc Dermid,Male,#c1eb20,43,figurative,abstract,flower-painting genre-painting
812,Aeriel,Simoes,Female,#5ab9a7,29,marina,landscape,mythological-painting
813,Randy,Kundt,Non-binary,#46d991,21,marina,nude-painting-nu,abstract
814,Berrie,Elcom,Female,#35f57d,59,nude-painting-nu,religious-painting,animal-painting
815,Sella,Matczak,Polygender,#a9fa0b,47,religious-painting,cityscape,nude-painting-nu
816,Cherice,Davydkov,Female,#e7c07c,20,abstract,nude-painting-nu,landscape
817,Petey,Crocker,Male,#ed1428,35,animal-painting,abstract,flower-painting genre-painting
818,Geri,Woan,Female,#1dd2fa,30,religious-painting,portrait,nude-painting-nu
819,Lee,MacCostye,Female,#4ff606,46,nude-painting-nu,animal-painting,mythological-painting
820,Dominick,Dumberell,Genderqueer,#465c1b,47,portrait,religious-painting,landscape
821,Adolph,Graalmans,Male,#92fbe6,28,animal-painting,animal-painting,marina
822,Sigvard,O'Fogerty,Male,#63b773,38,marina,abstract,cityscape
823,Cob,Cudmore,Male,#184fa1,45,figurative,symbolic-painting,abstract
824,Gillan,Petrasek,Female,#8dfc78,51,animal-painting,still-life,flower-painting genre-painting
825,Nathanial,Azemar,Male,#5ec895,48,symbolic-painting,figurative,cityscape
826,Zachariah,Arzu,Male,#7b0365,35,symbolic-painting,religious-painting,nude-painting-nu
827,Klement,Gadney,Male,#ff2ecf,42,cityscape,nude-painting-nu,animal-painting
828,Ugo,Betho,Male,#7e8382,42,still-life,figurative,landscape
829,Caitlin,Skoughman,Female,#d8b929,49,cityscape,mythological-painting,abstract
830,Kath,Surplice,Genderqueer,#a86377,39,religious-painting,cityscape,flower-painting genre-painting
831,Hurley,Greenrde,Genderqueer,#51bd7a,32,flower-painting genre-painting,animal-painting,symbolic-painting
832,Englebert,Zanardii,Male,#00a460,58,flower-painting genre-painting,portrait,still-life
833,Shaylah,Bemrose,Female,#f71b4c,31,religious-painting,symbolic-painting,flower-painting genre-painting
834,Byrann,Glasscock,Male,#0a3684,44,landscape,flower-painting genre-painting,still-life
835,Reggie,Queyeiro,Female,#3ecd94,53,animal-painting,cityscape,cityscape
836,Amby,Marion,Male,#36b3f5,51,religious-painting,nude-painting-nu,animal-painting
837,Evangelia,Strawbridge,Female,#4a1c3e,33,religious-painting,cityscape,nude-painting-nu
838,Tallia,Wason,Female,#401321,24,landscape,mythological-painting,landscape
839,Sigismund,Handley,Male,#5f8870,31,religious-painting,nude-painting-nu,nude-painting-nu
840,Fabiano,Goold,Male,#25c559,17,religious-painting,mythological-painting,marina
841,Claudio,Jaume,Male,#006af7,41,portrait,religious-painting,marina
842,Felicle,Clutheram,Female,#bf64fa,55,animal-painting,symbolic-painting,symbolic-painting
843,Ced,Bedells,Male,#cb064e,49,landscape,religious-painting,religious-painting
844,Dacy,Rosenblum,Female,#a9f12e,20,animal-painting,marina,mythological-painting
845,Faye,Theuff,Genderqueer,#032f9c,42,nude-painting-nu,religious-painting,landscape
846,Padget,Engledow,Male,#864a76,34,animal-painting,abstract,flower-painting genre-painting
847,Kiah,Mauro,Female,#486ae9,18,abstract,portrait,nude-painting-nu
848,Chelsie,Broyd,Female,#5a5984,22,still-life,landscape,nude-painting-nu
849,Boyd,MacGillivrie,Male,#87d34c,57,portrait,nude-painting-nu,animal-painting
850,Constantine,Duplan,Female,#0684f4,55,mythological-painting,still-life,flower-painting genre-painting
851,Nedda,Sincock,Female,#f3c287,43,landscape,mythological-painting,figurative
852,Gaylord,Stonard,Male,#985ba1,19,symbolic-painting,still-life,symbolic-painting
853,Giusto,Outlaw,Male,#9d88d0,23,cityscape,religious-painting,still-life
854,Nara,Pettit,Female,#638e64,23,marina,cityscape,portrait
855,Lorens,Augur,Male,#014565,58,religious-painting,animal-painting,mythological-painting
856,Chrystal,Ulrik,Female,#fc20f1,26,flower-painting genre-painting,flower-painting genre-painting,figurative
857,Jarrod,Foyster,Male,#9bf648,29,nude-painting-nu,symbolic-painting,portrait
858,Valaree,Borrott,Female,#b5fddc,58,flower-painting genre-painting,marina,symbolic-painting
859,Granger,Spicer,Male,#bf474f,53,figurative,figurative,still-life
860,Bellanca,McCracken,Female,#d85652,42,marina,still-life,mythological-painting
861,Camilla,Parmiter,Female,#520cca,60,abstract,landscape,portrait
862,Jade,Arends,Female,#f4f661,16,marina,marina,portrait
863,Isidoro,Noyce,Male,#e11940,20,symbolic-painting,mythological-painting,animal-painting
864,Glyn,Girth,Male,#2e114f,52,portrait,symbolic-painting,mythological-painting
865,Urbano,Gensavage,Male,#ef1399,23,flower-painting genre-painting,animal-painting,portrait
866,Wolfy,Duddell,Male,#e0060a,43,portrait,symbolic-painting,cityscape
867,Perkin,Adamiak,Male,#23b644,52,cityscape,portrait,symbolic-painting
868,Vince,Impson,Male,#7eeee1,45,religious-painting,symbolic-painting,mythological-painting
869,Ulysses,Brentnall,Male,#82008a,42,symbolic-painting,figurative,symbolic-painting
870,Tucker,Cassidy,Male,#afa4ec,32,cityscape,still-life,marina
871,Kerianne,Crose,Female,#4f80e2,24,abstract,marina,marina
872,Frederigo,Gages,Male,#400c2c,45,still-life,still-life,abstract
873,Jules,De Ferraris,Male,#cead35,28,symbolic-painting,mythological-painting,cityscape
874,Gilberto,Moxley,Agender,#50df96,48,portrait,figurative,landscape
875,Alejandro,Upston,Male,#9c636b,53,mythological-painting,abstract,symbolic-painting
876,Jarvis,Amer,Male,#6edb9b,31,nude-painting-nu,mythological-painting,landscape
877,Franny,Mulvenna,Female,#0f97c5,29,landscape,flower-painting genre-painting,abstract
878,Zak,Duthie,Male,#68f0ea,29,nude-painting-nu,still-life,nude-painting-nu
879,Giraud,Norway,Male,#88a153,34,nude-painting-nu,flower-painting genre-painting,flower-painting genre-painting
880,Essie,Frill,Non-binary,#e84dcd,53,figurative,figurative,marina
881,Vinni,Van der Merwe,Polygender,#ae3659,54,still-life,still-life,animal-painting
882,Osgood,Lodwig,Male,#311c65,43,portrait,symbolic-painting,symbolic-painting
883,Grissel,Waleran,Female,#7b4143,27,flower-painting genre-painting,religious-painting,symbolic-painting
884,Redford,Kedslie,Male,#56cced,36,abstract,nude-painting-nu,mythological-painting
885,Sibley,McIlvenna,Female,#9e6c83,16,abstract,symbolic-painting,cityscape
886,Uri,Slinn,Male,#7177df,49,still-life,cityscape,flower-painting genre-painting
887,Conny,Lutwyche,Female,#00728d,26,landscape,figurative,symbolic-painting
888,Louie,Panyer,Male,#47d44b,27,still-life,religious-painting,symbolic-painting
889,Ardelia,Benedek,Female,#f0be7f,19,religious-painting,abstract,landscape
890,Manolo,Tarpey,Male,#90c071,32,portrait,still-life,cityscape
891,Elvis,Belshaw,Agender,#4b4545,58,figurative,flower-painting genre-painting,symbolic-painting
892,Crystal,Klosa,Female,#65c785,34,still-life,religious-painting,flower-painting genre-painting
893,Dita,Alvar,Female,#635a3d,16,nude-painting-nu,mythological-painting,landscape
894,Nadeen,Dorran,Female,#9cacf5,34,figurative,figurative,cityscape
895,Matelda,Messent,Female,#363897,18,abstract,figurative,animal-painting
896,Roxy,Paige,Female,#a0100b,52,figurative,mythological-painting,still-life
897,Pearl,January 1st,Female,#7a0223,35,portrait,marina,landscape
898,Dolley,Lukasen,Female,#a45e8d,18,mythological-painting,marina,landscape
899,Jarred,Huddles,Male,#a88ca2,56,nude-painting-nu,nude-painting-nu,figurative
900,Cinda,Iddison,Female,#7655db,26,mythological-painting,figurative,landscape
901,Beryle,Moles,Female,#c26ea3,59,abstract,flower-painting genre-painting,cityscape
902,Finley,O'Clery,Male,#8129bd,19,still-life,marina,marina
903,Sadella,Sessuns,Female,#091a51,34,landscape,mythological-painting,marina
904,Haroun,Cornwall,Male,#46076d,36,animal-painting,nude-painting-nu,figurative
905,Barde,Itter,Male,#15926b,45,portrait,marina,cityscape
906,Leilah,Cannop,Female,#5b75e2,56,marina,still-life,animal-painting
907,Joice,Killough,Female,#b0024b,46,mythological-painting,portrait,portrait
908,Klarrisa,Sunnucks,Female,#6adfb6,35,portrait,landscape,animal-painting
909,Leelah,Aiskovitch,Female,#d28fe3,58,portrait,cityscape,animal-painting
910,Kriste,Downes,Female,#b26bc7,58,nude-painting-nu,portrait,marina
911,Anthe,Hakeworth,Female,#379815,38,still-life,flower-painting genre-painting,nude-painting-nu
912,Enrika,Vercruysse,Female,#67375b,36,mythological-painting,flower-painting genre-painting,religious-painting
913,Vin,Sumnall,Male,#a9065f,52,nude-painting-nu,mythological-painting,religious-painting
914,Petronille,Lansdown,Female,#757531,56,animal-painting,cityscape,animal-painting
915,Etienne,Tyce,Male,#c643d0,21,figurative,still-life,nude-painting-nu
916,Antoinette,Spiaggia,Female,#edb60b,17,cityscape,symbolic-painting,mythological-painting
917,Nealy,Dansey,Male,#400cb3,26,portrait,mythological-painting,abstract
918,Jason,Armatys,Male,#319695,56,abstract,animal-painting,portrait
919,Riccardo,Fitzsimon,Polygender,#08eb09,32,nude-painting-nu,animal-painting,animal-painting
920,Neal,Croxley,Male,#93da98,49,portrait,cityscape,animal-painting
921,Dunc,Godlip,Male,#91b675,58,still-life,portrait,marina
922,Halimeda,Pottell,Female,#97f2f7,48,portrait,still-life,mythological-painting
923,Maxie,Aldine,Female,#594b51,34,mythological-painting,nude-painting-nu,mythological-painting
924,Marj,Dinsey,Female,#146934,28,landscape,portrait,flower-painting genre-painting
925,Derby,Scritch,Male,#b51bbf,56,mythological-painting,flower-painting genre-painting,still-life
926,Rozalie,Cutler,Female,#50d5f3,18,marina,marina,portrait
927,Camey,Moyne,Male,#6c9505,59,marina,religious-painting,mythological-painting
928,Tudor,Klima,Male,#a2847c,19,flower-painting genre-painting,mythological-painting,cityscape
929,Bunny,Staddon,Female,#8d35e3,56,religious-painting,figurative,abstract
930,Erasmus,Grigoroni,Male,#ebd52e,51,marina,religious-painting,marina
931,Callean,Reese,Male,#7632c9,52,nude-painting-nu,cityscape,portrait
932,Madonna,Rowes,Female,#877742,24,mythological-painting,cityscape,symbolic-painting
933,Winnifred,Heyns,Female,#594cb3,52,portrait,landscape,marina
934,Alejandro,Feldfisher,Male,#aad195,51,abstract,marina,marina
935,Howey,Erbe,Male,#7ff627,41,abstract,mythological-painting,figurative
936,Jorie,Bolgar,Female,#9d8956,24,figurative,mythological-painting,marina
937,Aharon,Tedman,Male,#8dcfc1,49,cityscape,cityscape,figurative
938,Tandie,Dyball,Polygender,#71e20d,30,symbolic-painting,flower-painting genre-painting,still-life
939,Meredith,Wakeley,Female,#5c5805,57,figurative,religious-painting,figurative
940,Kally,Batcheldor,Female,#ca90d1,31,animal-painting,abstract,animal-painting
941,Cherye,Inkle,Polygender,#86162e,60,portrait,cityscape,portrait
942,Markos,Gillan,Male,#d81051,45,nude-painting-nu,cityscape,abstract
943,Gannon,Krolman,Male,#3bb52c,27,abstract,cityscape,still-life
944,Jakie,Kirtland,Male,#374068,51,figurative,flower-painting genre-painting,mythological-painting
945,Evvie,Lilloe,Female,#9136c1,44,figurative,still-life,nude-painting-nu
946,Mozes,Hyndes,Male,#83aa21,58,abstract,abstract,figurative
947,Sigfried,Gai,Male,#1e5a8b,46,nude-painting-nu,marina,symbolic-painting
948,Celie,Francesch,Female,#4a8e66,19,marina,cityscape,marina
949,Gaspard,Ferier,Male,#fba3de,60,still-life,symbolic-painting,symbolic-painting
950,Renaldo,Loukes,Male,#4e9854,59,religious-painting,abstract,still-life
951,Bradan,Philipsson,Male,#ff93c5,60,religious-painting,figurative,animal-painting
952,Asa,Kovelmann,Male,#ca87ad,48,landscape,marina,symbolic-painting
953,Jennie,Traviss,Female,#f1f72c,36,landscape,figurative,symbolic-painting
954,Lowell,Ties,Male,#6f002e,22,still-life,nude-painting-nu,animal-painting
955,Murial,Greenhouse,Female,#ae3712,37,flower-painting genre-painting,portrait,animal-painting
956,Reid,Heffernon,Male,#017da9,56,animal-painting,flower-painting genre-painting,mythological-painting
957,Keenan,Halpine,Genderfluid,#35f476,40,marina,flower-painting genre-painting,marina
958,Jabez,Danton,Male,#11a91e,25,flower-painting genre-painting,marina,religious-painting
959,Randi,Astill,Male,#37f23d,46,religious-painting,marina,landscape
960,Riley,Bowater,Male,#84a531,42,marina,religious-painting,animal-painting
961,Lenka,Downer,Female,#2da45c,49,mythological-painting,nude-painting-nu,marina
962,Stillman,MacAlpine,Male,#81a908,50,marina,animal-painting,symbolic-painting
963,Anne,Peealess,Female,#03a67d,42,figurative,religious-painting,figurative
964,Cacilia,MacHostie,Female,#79b8a4,21,portrait,landscape,symbolic-painting
965,Gordy,Lermit,Male,#68a574,22,still-life,landscape,flower-painting genre-painting
966,Jena,Frammingham,Female,#627a9c,22,figurative,cityscape,cityscape
967,Violet,Coulthard,Female,#499c79,19,figurative,portrait,religious-painting
968,Barbee,Knowlden,Female,#628f32,55,portrait,mythological-painting,mythological-painting
969,Alejoa,Sheer,Male,#2c788c,34,symbolic-painting,flower-painting genre-painting,animal-painting
970,Onofredo,Southern,Male,#d97a94,50,symbolic-painting,mythological-painting,animal-painting
971,Tandi,Shrawley,Female,#6e352a,28,nude-painting-nu,marina,animal-painting
972,Merill,Jozwicki,Male,#c1f178,26,symbolic-painting,marina,flower-painting genre-painting
973,Shelley,Palombi,Male,#4bbb79,30,animal-painting,still-life,nude-painting-nu
974,Phylys,Crean,Female,#0baf65,46,symbolic-painting,symbolic-painting,cityscape
975,Tuckie,Whitington,Male,#b99039,24,abstract,nude-painting-nu,abstract
976,Reube,Frazer,Genderfluid,#40e998,49,flower-painting genre-painting,abstract,still-life
977,Tracee,Sifflett,Female,#934a7f,38,marina,landscape,marina
978,Evan,Stancliffe,Male,#b7f0d7,49,animal-painting,cityscape,cityscape
979,Osmond,Whiteway,Genderfluid,#880465,35,abstract,cityscape,cityscape
980,Ganny,Buglar,Male,#6c00cf,37,flower-painting genre-painting,mythological-painting,symbolic-painting
981,Bink,Ribbon,Male,#ee62ea,17,marina,figurative,figurative
982,Vikki,Pardy,Female,#5147ed,49,marina,symbolic-painting,symbolic-painting
983,Lemmy,Jerwood,Male,#661732,34,marina,flower-painting genre-painting,figurative
984,Marquita,Curton,Female,#ea71d8,17,abstract,abstract,animal-painting
985,Sella,Heijne,Female,#c39caf,57,flower-painting genre-painting,flower-painting genre-painting,flower-painting genre-painting
986,Rita,Livesley,Female,#b481a3,47,flower-painting genre-painting,still-life,abstract
987,Hughie,Paynter,Agender,#2a1cd7,43,abstract,flower-painting genre-painting,flower-painting genre-painting
988,Caresa,Bittany,Female,#93c579,40,cityscape,figurative,nude-painting-nu
989,Steward,Stanners,Male,#444d4c,39,religious-painting,religious-painting,portrait
990,Adolf,Kall,Male,#ab742f,36,marina,symbolic-painting,portrait
991,Armin,Blum,Male,#5fb098,39,mythological-painting,portrait,cityscape
992,Noam,Bewsy,Male,#a84b5f,38,symbolic-painting,animal-painting,marina
993,Maren,Sibery,Female,#ea1280,17,still-life,mythological-painting,cityscape
994,Geoffrey,Inggall,Genderqueer,#e2ccb9,46,abstract,religious-painting,marina
995,Paquito,Buye,Male,#219583,59,portrait,landscape,nude-painting-nu
996,Del,Bycraft,Male,#988aaa,54,marina,animal-painting,marina
997,Ofilia,Hasted,Female,#8edfc5,32,abstract,landscape,figurative
998,Haley,People,Female,#a5c0fa,54,nude-painting-nu,abstract,abstract
999,Charlena,Lipprose,Female,#4d5f42,34,still-life,landscape,symbolic-painting
1000,Hurlee,Reolfi,Genderfluid,#6e8b7c,16,still-life,symbolic-painting,cityscape
